{   "parent": "block/slab",
    "textures": {
        "particle": "#side_a"
    },
    "elements": [
        {   "from": [ 0, 0, 0 ],
            "to": [ 16, 8, 16 ],
            "faces": {
                "down":  { "uv": [ 0, 0, 16, 16 ], "texture": "#bottom", "cullface": "down" },
                "up":    { "uv": [ 0, 0, 16, 16 ], "texture": "#top" },
                "north": { "uv": [ 0, 8, 16, 16 ], "texture": "#side_a", "cullface": "north" },
                "south": { "uv": [ 0, 8, 16, 16 ], "texture": "#side_a", "cullface": "south" },
                "west":  { "uv": [ 0, 8, 16, 16 ], "texture": "#side_b", "cullface": "west" },
                "east":  { "uv": [ 0, 8, 16, 16 ], "texture": "#side_b", "cullface": "east" }
            }
        }
    ]
}
